State,District,,
Andaman Nicobar,Nicobar,,
Andaman Nicobar,North Middle Andaman,,
Andaman Nicobar,South Andaman,,
Andhra Pradesh,Alluri Sitarama Raju,,
Andhra Pradesh,Anakapalli,,
Andhra Pradesh,Anantapur,,
Andhra Pradesh,Annamaya,,
Andhra Pradesh,Bapatla,,
Andhra Pradesh,Chittoor,,
Andhra Pradesh,East Godavari,,
Andhra Pradesh,Eluru,,
Andhra Pradesh,Guntur,,
Andhra Pradesh,Kadapa,,
Andhra Pradesh,Kakinada ,,
Andhra Pradesh,Konaseema,,
Andhra Pradesh,Krishna,,
Andhra Pradesh,Kurnool,,
Andhra Pradesh,Manyam,,
Andhra Pradesh,N T Rama Rao,,
Andhra Pradesh,Nandyal,,
Andhra Pradesh,Nellore,,
Andhra Pradesh,Palnadu,,
Andhra Pradesh,Prakasam,,
Andhra Pradesh,Sri Balaji,,
Andhra Pradesh,Sri Satya Sai,,
Andhra Pradesh,Srikakulam,,
Andhra Pradesh,Visakhapatnam,,
Andhra Pradesh,Vizianagaram,,
Andhra Pradesh,West Godavari,,
Arunachal Pradesh,Anjaw,,
Arunachal Pradesh,Bichom,,
Arunachal Pradesh,Central Siang,,
Arunachal Pradesh,Changlang,,
Arunachal Pradesh,Dibang Valley,,
Arunachal Pradesh,East Kameng,,
Arunachal Pradesh,East Siang,,
Arunachal Pradesh,Kamle,,
Arunachal Pradesh,Keyi Panyor,,
Arunachal Pradesh,Kra Daadi,,
Arunachal Pradesh,Kurung Kumey,,
Arunachal Pradesh,Lepa Rada,,
Arunachal Pradesh,Lohit,,
Arunachal Pradesh,Longding,,
Arunachal Pradesh,Lower Dibang Valley,,
Arunachal Pradesh,Lower Siang,,
Arunachal Pradesh,Lower Subansiri,,
Arunachal Pradesh,Namsai,,
Arunachal Pradesh,Pakke Kessang,,
Arunachal Pradesh,Papum Pare,,
Arunachal Pradesh,Shi Yomi,,
Arunachal Pradesh,Tawang,,
Arunachal Pradesh,Tirap,,
Arunachal Pradesh,Upper Siang,,
Arunachal Pradesh,Upper Subansiri,,
Arunachal Pradesh,West Kameng,,
Arunachal Pradesh,West Siang,,
Assam,Bajali,,
Assam,Baksa,,
Assam,Barpeta,,
Assam,Biswanath,,
Assam,Bongaigaon,,
Assam,Cachar,,
Assam,Charaideo,,
Assam,Chirang,,
Assam,Darrang,,
Assam,Dhemaji,,
Assam,Dhubri,,
Assam,Dibrugarh,,
Assam,Dima Hasao,,
Assam,Goalpara,,
Assam,Golaghat,,
Assam,Hailakandi,,
Assam,Hojai,,
Assam,Jorhat,,
Assam,Kamrup,,
Assam,Kamrup Metropolitan,,
Assam,Karbi Anglong,,
Assam,Karimganj,,
Assam,Kokrajhar,,
Assam,Lakhimpur,,
Assam,Majuli,,
Assam,Morigaon,,
Assam,Nagaon,,
Assam,Nalbari,,
Assam,Sivasagar,,
Assam,Sonitpur,,
Assam,South Salmara-Mankachar,,
Assam,Tamulpur,,
Assam,Tinsukia,,
Assam,Udalguri,,
Assam,West Karbi Anglong,,
Bihar,Araria,,
Bihar,Arwal,,
Bihar,Aurangabad,,
Bihar,Banka,,
Bihar,Begusarai,,
Bihar,Bhagalpur,,
Bihar,Bhojpur,,
Bihar,Buxar,,
Bihar,Darbhanga,,
Bihar,East Champaran,,
Bihar,Gaya,,
Bihar,Gopalganj,,
Bihar,Jamui,,
Bihar,Jehanabad,,
Bihar,Kaimur,,
Bihar,Katihar,,
Bihar,Khagaria,,
Bihar,Kishanganj,,
Bihar,Lakhisarai,,
Bihar,Madhepura,,
Bihar,Madhubani,,
Bihar,Munger,,
Bihar,Muzaffarpur,,
Bihar,Nalanda,,
Bihar,Nawada,,
Bihar,Patna,,
Bihar,Purnia,,
Bihar,Rohtas,,
Bihar,Saharsa,,
Bihar,Samastipur,,
Bihar,Saran,,
Bihar,Sheikhpura,,
Bihar,Sheohar,,
Bihar,Sitamarhi,,
Bihar,Siwan,,
Bihar,Supaul,,
Bihar,Vaishali,,
Bihar,West Champaran,,
Chandigarh,Chandigarh,,
Chhattisgarh,Balod,,
Chhattisgarh,Baloda Bazar,,
Chhattisgarh,Balrampur,,
Chhattisgarh,Bastar,,
Chhattisgarh,Bemetara,,
Chhattisgarh,Bijapur,,
Chhattisgarh,Bilaspur,,
Chhattisgarh,Dantewada,,
Chhattisgarh,Dhamtari,,
Chhattisgarh,Durg,,
Chhattisgarh,Gariaband,,
Chhattisgarh,Gaurela Pendra Marwahi,,
Chhattisgarh,Janjgir Champa,,
Chhattisgarh,Jashpur,,
Chhattisgarh,Kabirdham,,
Chhattisgarh,Kanker,,
Chhattisgarh,Khairagarh,,
Chhattisgarh,Kondagaon,,
Chhattisgarh,Korba,,
Chhattisgarh,Koriya,,
Chhattisgarh,Mahasamund,,
Chhattisgarh,Manendragarh,,
Chhattisgarh,Mohla Manpur,,
Chhattisgarh,Mungeli,,
Chhattisgarh,Narayanpur,,
Chhattisgarh,Raigarh,,
Chhattisgarh,Raipur,,
Chhattisgarh,Rajnandgaon,,
Chhattisgarh,Sakti,,
Chhattisgarh,Sarangarh Bilaigarh,,
Chhattisgarh,Sukma,,
Chhattisgarh,Surajpur,,
Chhattisgarh,Surguja,,
Dadra and Nagar Haveli and Daman and Diu,Dadra and Nagar Haveli,,
Dadra and Nagar Haveli and Daman and Diu,Daman,,
Dadra and Nagar Haveli and Daman and Diu,Diu,,
Delhi,Central Delhi,,
Delhi,East Delhi,,
Delhi,New Delhi,,
Delhi,North Delhi,,
Delhi,North East Delhi,,
Delhi,North West Delhi,,
Delhi,Shahdara,,
Delhi,South Delhi,,
Delhi,South East Delhi,,
Delhi,South West Delhi,,
Delhi,West Delhi,,
Goa,North Goa,,
Goa,South Goa,,
Gujarat,Ahmedabad,,
Gujarat,Amreli,,
Gujarat,Anand,,
Gujarat,Aravalli,,
Gujarat,Banaskantha,,
Gujarat,Bharuch,,
Gujarat,Bhavnagar,,
Gujarat,Botad,,
Gujarat,Chhota Udaipur,,
Gujarat,Dahod,,
Gujarat,Dang,,
Gujarat,Devbhoomi Dwarka,,
Gujarat,Gandhinagar,,
Gujarat,Gir Somnath,,
Gujarat,Jamnagar,,
Gujarat,Junagadh,,
Gujarat,Kheda,,
Gujarat,Kutch,,
Gujarat,Mahisagar,,
Gujarat,Mehsana,,
Gujarat,Morbi,,
Gujarat,Narmada,,
Gujarat,Navsari,,
Gujarat,Panchmahal,,
Gujarat,Patan,,
Gujarat,Porbandar,,
Gujarat,Rajkot,,
Gujarat,Sabarkantha,,
Gujarat,Surat,,
Gujarat,Surendranagar,,
Gujarat,Tapi,,
Gujarat,Vadodara,,
Gujarat,Valsad,,
Haryana,Ambala,,
Haryana,Bhiwani,,
Haryana,Charkhi Dadri,,
Haryana,Faridabad,,
Haryana,Fatehabad,,
Haryana,Gurugram,,
Haryana,Hisar,,
Haryana,Jhajjar,,
Haryana,Jind,,
Haryana,Kaithal,,
Haryana,Karnal,,
Haryana,Kurukshetra,,
Haryana,Mahendragarh,,
Haryana,Mewat,,
Haryana,Palwal,,
Haryana,Panchkula,,
Haryana,Panipat,,
Haryana,Rewari,,
Haryana,Rohtak,,
Haryana,Sirsa,,
Haryana,Sonipat,,
Haryana,Yamunanagar,,
Himachal Pradesh,Bilaspur,,
Himachal Pradesh,Chamba,,
Himachal Pradesh,Hamirpur,,
Himachal Pradesh,Kangra,,
Himachal Pradesh,Kinnaur,,
Himachal Pradesh,Kullu,,
Himachal Pradesh,Lahaul Spiti,,
Himachal Pradesh,Mandi,,
Himachal Pradesh,Shimla,,
Himachal Pradesh,Sirmaur,,
Himachal Pradesh,Solan,,
Himachal Pradesh,Una,,
Jammu Kashmir,Anantnag,,
Jammu Kashmir,Bandipora,,
Jammu Kashmir,Baramulla,,
Jammu Kashmir,Budgam,,
Jammu Kashmir,Doda,,
Jammu Kashmir,Ganderbal,,
Jammu Kashmir,Jammu,,
Jammu Kashmir,Kathua,,
Jammu Kashmir,Kishtwar,,
Jammu Kashmir,Kulgam,,
Jammu Kashmir,Kupwara,,
Jammu Kashmir,Poonch,,
Jammu Kashmir,Pulwama,,
Jammu Kashmir,Rajouri,,
Jammu Kashmir,Ramban,,
Jammu Kashmir,Reasi,,
Jammu Kashmir,Samba,,
Jammu Kashmir,Shopian,,
Jammu Kashmir,Srinagar,,
Jammu Kashmir,Udhampur,,
Jharkhand,Bokaro,,
Jharkhand,Chatra,,
Jharkhand,Deoghar,,
Jharkhand,Dhanbad,,
Jharkhand,Dumka,,
Jharkhand,East Singhbhum,,
Jharkhand,Garhwa,,
Jharkhand,Giridih,,
Jharkhand,Godda,,
Jharkhand,Gumla,,
Jharkhand,Hazaribagh,,
Jharkhand,Jamtara,,
Jharkhand,Khunti,,
Jharkhand,Koderma,,
Jharkhand,Latehar,,
Jharkhand,Lohardaga,,
Jharkhand,Pakur,,
Jharkhand,Palamu,,
Jharkhand,Ramgarh,,
Jharkhand,Ranchi,,
Jharkhand,Sahebganj,,
Jharkhand,Seraikela Kharsawan,,
Jharkhand,Simdega,,
Jharkhand,West Singhbhum,,
Karnataka,Bagalkot,,
Karnataka,Bangalore Rural,,
Karnataka,Bangalore Urban,,
Karnataka,Belgaum,,
Karnataka,Bellary,,
Karnataka,Bidar,,
Karnataka,Chamarajanagar,,
Karnataka,Chikkaballapur,,
Karnataka,Chikkamagaluru,,
Karnataka,Chitradurga,,
Karnataka,Dakshina Kannada,,
Karnataka,Davanagere,,
Karnataka,Dharwad,,
Karnataka,Gadag,,
Karnataka,Gulbarga,,
Karnataka,Hassan,,
Karnataka,Haveri,,
Karnataka,Kodagu,,
Karnataka,Kolar,,
Karnataka,Koppal,,
Karnataka,Mandya,,
Karnataka,Mysore,,
Karnataka,Raichur,,
Karnataka,Ramanagara,,
Karnataka,Shimoga,,
Karnataka,Tumkur,,
Karnataka,Udupi,,
Karnataka,Uttara Kannada,,
Karnataka,Vijayanagara,,
Karnataka,Vijayapura ,,
Karnataka,Yadgir,,
Kerala,Alappuzha,,
Kerala,Ernakulam,,
Kerala,Idukki,,
Kerala,Kannur,,
Kerala,Kasaragod,,
Kerala,Kollam,,
Kerala,Kottayam,,
Kerala,Kozhikode,,
Kerala,Malappuram,,
Kerala,Palakkad,,
Kerala,Pathanamthitta,,
Kerala,Thiruvananthapuram,,
Kerala,Thrissur,,
Kerala,Wayanad,,
Ladakh,Kargil,,
Ladakh,Leh,,
Lakshadweep,Lakshadweep,,
Madhya Pradesh,Agar Malwa,,
Madhya Pradesh,Alirajpur,,
Madhya Pradesh,Anuppur,,
Madhya Pradesh,Ashoknagar,,
Madhya Pradesh,Balaghat,,
Madhya Pradesh,Barwani,,
Madhya Pradesh,Betul,,
Madhya Pradesh,Bhind,,
Madhya Pradesh,Bhopal,,
Madhya Pradesh,Burhanpur,,
Madhya Pradesh,Chachaura,,
Madhya Pradesh,Chhatarpur,,
Madhya Pradesh,Chhindwara,,
Madhya Pradesh,Damoh,,
Madhya Pradesh,Datia,,
Madhya Pradesh,Dewas,,
Madhya Pradesh,Dhar,,
Madhya Pradesh,Dindori,,
Madhya Pradesh,Guna,,
Madhya Pradesh,Gwalior,,
Madhya Pradesh,Harda,,
Madhya Pradesh,Hoshangabad,,
Madhya Pradesh,Indore,,
Madhya Pradesh,Jabalpur,,
Madhya Pradesh,Jhabua,,
Madhya Pradesh,Katni,,
Madhya Pradesh,Khandwa,,
Madhya Pradesh,Khargone,,
Madhya Pradesh,Maihar,,
Madhya Pradesh,Mandla,,
Madhya Pradesh,Mandsaur,,
Madhya Pradesh,Morena,,
Madhya Pradesh,Nagda,,
Madhya Pradesh,Narsinghpur,,
Madhya Pradesh,Neemuch,,
Madhya Pradesh,Niwari,,
Madhya Pradesh,Pandhurna,,
Madhya Pradesh,Panna,,
Madhya Pradesh,Raisen,,
Madhya Pradesh,Rajgarh,,
Madhya Pradesh,Ratlam,,
Madhya Pradesh,Rewa,,
Madhya Pradesh,Sagar,,
Madhya Pradesh,Satna,,
Madhya Pradesh,Sehore,,
Madhya Pradesh,Seoni,,
Madhya Pradesh,Shahdol,,
Madhya Pradesh,Shajapur,,
Madhya Pradesh,Sheopur,,
Madhya Pradesh,Shivpuri,,
Madhya Pradesh,Sidhi,,
Madhya Pradesh,Singrauli,,
Madhya Pradesh,Tikamgarh,,
Madhya Pradesh,Ujjain,,
Madhya Pradesh,Umaria,,
Madhya Pradesh,Vidisha,,
Maharashtra,Ahmednagar,,
Maharashtra,Akola,,
Maharashtra,Amravati,,
Maharashtra,Aurangabad,,
Maharashtra,Beed,,
Maharashtra,Bhandara,,
Maharashtra,Buldhana,,
Maharashtra,Chandrapur,,
Maharashtra,Dhule,,
Maharashtra,Gadchiroli,,
Maharashtra,Gondia,,
Maharashtra,Hingoli,,
Maharashtra,Jalgaon,,
Maharashtra,Jalna,,
Maharashtra,Kolhapur,,
Maharashtra,Latur,,
Maharashtra,Mumbai City,,
Maharashtra,Mumbai Suburban,,
Maharashtra,Nagpur,,
Maharashtra,Nanded,,
Maharashtra,Nandurbar,,
Maharashtra,Nashik,,
Maharashtra,Osmanabad,,
Maharashtra,Palghar,,
Maharashtra,Parbhani,,
Maharashtra,Pune,,
Maharashtra,Raigad,,
Maharashtra,Ratnagiri,,
Maharashtra,Sangli,,
Maharashtra,Satara,,
Maharashtra,Sindhudurg,,
Maharashtra,Solapur,,
Maharashtra,Thane,,
Maharashtra,Wardha,,
Maharashtra,Washim,,
Maharashtra,Yavatmal,,
Manipur,Bishnupur,,
Manipur,Chandel,,
Manipur,Churachandpur,,
Manipur,Imphal East,,
Manipur,Imphal West,,
Manipur,Jiribam,,
Manipur,Kakching,,
Manipur,Kamjong,,
Manipur,Kangpokpi,,
Manipur,Noney,,
Manipur,Pherzawl,,
Manipur,Senapati,,
Manipur,Tamenglong,,
Manipur,Tengnoupal,,
Manipur,Thoubal,,
Manipur,Ukhrul,,
Meghalaya,East Garo Hills,,
Meghalaya,East Jaintia Hills,,
Meghalaya,East Khasi Hills,,
Meghalaya,Mairang,,
Meghalaya,North Garo Hills,,
Meghalaya,Ri Bhoi,,
Meghalaya,South Garo Hills,,
Meghalaya,South West Garo Hills,,
Meghalaya,South West Khasi Hills,,
Meghalaya,West Garo Hills,,
Meghalaya,West Jaintia Hills,,
Meghalaya,West Khasi Hills,,
Mizoram,Aizawl,,
Mizoram,Champhai,,
Mizoram,Hnahthial,,
Mizoram,Khawzawl,,
Mizoram,Kolasib,,
Mizoram,Lawngtlai,,
Mizoram,Lunglei,,
Mizoram,Mamit,,
Mizoram,Saiha,,
Mizoram,Saitual,,
Mizoram,Serchhip,,
Nagaland,Chumukedima,,
Nagaland,Dimapur,,
Nagaland,Kiphire,,
Nagaland,Kohima,,
Nagaland,Longleng,,
Nagaland,Mokokchung,,
Nagaland,Mon,,
Nagaland,Niuland,,
Nagaland,Noklak,,
Nagaland,Peren,,
Nagaland,Phek,,
Nagaland,Shamator,,
Nagaland,Tseminyu,,
Nagaland,Tuensang,,
Nagaland,Wokha,,
Nagaland,Zunheboto,,
Odisha,Angul,,
Odisha,Balangir,,
Odisha,Balasore,,
Odisha,Bargarh,,
Odisha,Bhadrak,,
Odisha,Boudh,,
Odisha,Cuttack,,
Odisha,Debagarh,,
Odisha,Dhenkanal,,
Odisha,Gajapati,,
Odisha,Ganjam,,
Odisha,Jagatsinghpur,,
Odisha,Jajpur,,
Odisha,Jharsuguda,,
Odisha,Kalahandi,,
Odisha,Kandhamal,,
Odisha,Kendrapara,,
Odisha,Kendujhar,,
Odisha,Khordha,,
Odisha,Koraput,,
Odisha,Malkangiri,,
Odisha,Mayurbhanj,,
Odisha,Nabarangpur,,
Odisha,Nayagarh,,
Odisha,Nuapada,,
Odisha,Puri,,
Odisha,Rayagada,,
Odisha,Sambalpur,,
Odisha,Subarnapur,,
Odisha,Sundergarh,,
Puducherry,Karaikal,,
Puducherry,Mahe,,
Puducherry,Puducherry,,
Puducherry,Yanam,,
Punjab,Amritsar,,
Punjab,Barnala,,
Punjab,Bathinda,,
Punjab,Faridkot,,
Punjab,Fatehgarh Sahib,,
Punjab,Fazilka,,
Punjab,Firozpur,,
Punjab,Gurdaspur,,
Punjab,Hoshiarpur,,
Punjab,Jalandhar,,
Punjab,Kapurthala,,
Punjab,Ludhiana,,
Punjab,Malerkotla,,
Punjab,Mansa,,
Punjab,Moga,,
Punjab,Mohali,,
Punjab,Muktsar,,
Punjab,Pathankot,,
Punjab,Patiala,,
Punjab,Rupnagar,,
Punjab,Sangrur,,
Punjab,Shaheed Bhagat Singh Nagar,,
Punjab,Tarn Taran,,
Rajasthan,Ajmer,,
Rajasthan,Alwar,,
Rajasthan,Anupgarh,,
Rajasthan,Balotra,,
Rajasthan,Banswara,,
Rajasthan,Baran,,
Rajasthan,Barmer,,
Rajasthan,Beawar,,
Rajasthan,Bharatpur,,
Rajasthan,Bhilwara,,
Rajasthan,Bikaner,,
Rajasthan,Bundi,,
Rajasthan,Chittorgarh,,
Rajasthan,Churu,,
Rajasthan,Dausa,,
Rajasthan,Deeg,,
Rajasthan,Dholpur,,
Rajasthan,Didwana-Kuchaman,,
Rajasthan,Dudu,,
Rajasthan,Dungarpur,,
Rajasthan,Gangapur City,,
Rajasthan,Hanumangarh,,
Rajasthan,Jaipur,,
Rajasthan,Jaipur Rural,,
Rajasthan,Jaisalmer,,
Rajasthan,Jalore,,
Rajasthan,Jhalawar,,
Rajasthan,Jhunjhunu,,
Rajasthan,Jodhpur,,
Rajasthan,Jodhpur Rural,,
Rajasthan,Karauli,,
Rajasthan,Kekri,,
Rajasthan,Khairthal–Tijara,,
Rajasthan,Kota,,
Rajasthan,Kotputli-Behror,,
Rajasthan,Nagaur,,
Rajasthan,Neem ka Thana,,
Rajasthan,Pali,,
Rajasthan,Phalodi,,
Rajasthan,Pratapgarh,,
Rajasthan,Rajsamand,,
Rajasthan,Salumbar,,
Rajasthan,Sanchore,,
Rajasthan,Sawai Madhopur,,
Rajasthan,Shahpura,,
Rajasthan,Sikar,,
Rajasthan,Sirohi,,
Rajasthan,Sri Ganganagar,,
Rajasthan,Tonk,,
Rajasthan,Udaipur,,
Sikkim,East Sikkim,,
Sikkim,North Sikkim,,
Sikkim,Pakyong,,
Sikkim,Soreng,,
Sikkim,South Sikkim,,
Sikkim,West Sikkim,,
Tamil Nadu,Ariyalur,,
Tamil Nadu,Chengalpattu,,
Tamil Nadu,Chennai,,
Tamil Nadu,Coimbatore,,
Tamil Nadu,Cuddalore,,
Tamil Nadu,Dharmapuri,,
Tamil Nadu,Dindigul,,
Tamil Nadu,Erode,,
Tamil Nadu,Kallakurichi,,
Tamil Nadu,Kanchipuram,,
Tamil Nadu,Kanyakumari,,
Tamil Nadu,Karur,,
Tamil Nadu,Krishnagiri,,
Tamil Nadu,Madurai,,
Tamil Nadu,Mayiladuthurai ,,
Tamil Nadu,Nagapattinam,,
Tamil Nadu,Namakkal,,
Tamil Nadu,Nilgiris,,
Tamil Nadu,Perambalur,,
Tamil Nadu,Pudukkottai,,
Tamil Nadu,Ramanathapuram,,
Tamil Nadu,Ranipet,,
Tamil Nadu,Salem,,
Tamil Nadu,Sivaganga,,
Tamil Nadu,Tenkasi,,
Tamil Nadu,Thanjavur,,
Tamil Nadu,Theni,,
Tamil Nadu,Thoothukudi,,
Tamil Nadu,Tiruchirappalli,,
Tamil Nadu,Tirunelveli,,
Tamil Nadu,Tirupattur,,
Tamil Nadu,Tiruppur,,
Tamil Nadu,Tiruvallur,,
Tamil Nadu,Tiruvannamalai,,
Tamil Nadu,Tiruvarur,,
Tamil Nadu,Vellore,,
Tamil Nadu,Viluppuram,,
Tamil Nadu,Virudhunagar,,
Telangana,Adilabad,,
Telangana,Bhadradri Kothagudem,,
Telangana,Hanamkonda,,
Telangana,Hyderabad,,
Telangana,Jagtial,,
Telangana,Jangaon,,
Telangana,Jayashankar,,
Telangana,Jogulamba,,
Telangana,Kamareddy,,
Telangana,Karimnagar,,
Telangana,Khammam,,
Telangana,Komaram Bheem,,
Telangana,Mahabubabad,,
Telangana,Mahbubnagar,,
Telangana,Mancherial,,
Telangana,Medak,,
Telangana,Medchal,,
Telangana,Mulugu,,
Telangana,Nagarkurnool,,
Telangana,Nalgonda,,
Telangana,Narayanpet,,
Telangana,Nirmal,,
Telangana,Nizamabad,,
Telangana,Peddapalli,,
Telangana,Rajanna Sircilla,,
Telangana,Ranga Reddy,,
Telangana,Sangareddy,,
Telangana,Siddipet,,
Telangana,Suryapet,,
Telangana,Vikarabad,,
Telangana,Wanaparthy,,
Telangana,Warangal,,
Telangana,Yadadri Bhuvanagiri,,
Tripura,Dhalai,,
Tripura,Gomati,,
Tripura,Khowai,,
Tripura,North Tripura,,
Tripura,Sepahijala,,
Tripura,South Tripura,,
Tripura,Unakoti,,
Tripura,West Tripura,,
Uttar Pradesh,Agra,,
Uttar Pradesh,Aligarh,,
Uttar Pradesh,Ambedkar Nagar,,
Uttar Pradesh,Amethi,,
Uttar Pradesh,Amroha,,
Uttar Pradesh,Auraiya,,
Uttar Pradesh,Ayodhya,,
Uttar Pradesh,Azamgarh,,
Uttar Pradesh,Baghpat,,
Uttar Pradesh,Bahraich,,
Uttar Pradesh,Ballia,,
Uttar Pradesh,Balrampur,,
Uttar Pradesh,Banda,,
Uttar Pradesh,Barabanki,,
Uttar Pradesh,Bareilly,,
Uttar Pradesh,Basti,,
Uttar Pradesh,Bhadohi,,
Uttar Pradesh,Bijnor,,
Uttar Pradesh,Budaun,,
Uttar Pradesh,Bulandshahr,,
Uttar Pradesh,Chandauli,,
Uttar Pradesh,Chitrakoot,,
Uttar Pradesh,Deoria,,
Uttar Pradesh,Etah,,
Uttar Pradesh,Etawah,,
Uttar Pradesh,Farrukhabad,,
Uttar Pradesh,Fatehpur,,
Uttar Pradesh,Firozabad,,
Uttar Pradesh,Gautam Buddha Nagar,,
Uttar Pradesh,Ghaziabad,,
Uttar Pradesh,Ghazipur,,
Uttar Pradesh,Gonda,,
Uttar Pradesh,Gorakhpur,,
Uttar Pradesh,Hamirpur,,
Uttar Pradesh,Hapur,,
Uttar Pradesh,Hardoi,,
Uttar Pradesh,Hathras,,
Uttar Pradesh,Jalaun,,
Uttar Pradesh,Jaunpur,,
Uttar Pradesh,Jhansi,,
Uttar Pradesh,Kannauj,,
Uttar Pradesh,Kanpur Dehat,,
Uttar Pradesh,Kanpur Nagar,,
Uttar Pradesh,Kasganj,,
Uttar Pradesh,Kaushambi,,
Uttar Pradesh,Kheri,,
Uttar Pradesh,Kushinagar,,
Uttar Pradesh,Lalitpur,,
Uttar Pradesh,Lucknow,,
Uttar Pradesh,Maharajganj,,
Uttar Pradesh,Mahoba,,
Uttar Pradesh,Mainpuri,,
Uttar Pradesh,Mathura,,
Uttar Pradesh,Mau,,
Uttar Pradesh,Meerut,,
Uttar Pradesh,Mirzapur,,
Uttar Pradesh,Moradabad,,
Uttar Pradesh,Muzaffarnagar,,
Uttar Pradesh,Pilibhit,,
Uttar Pradesh,Pratapgarh,,
Uttar Pradesh,Prayagraj,,
Uttar Pradesh,Raebareli,,
Uttar Pradesh,Rampur,,
Uttar Pradesh,Saharanpur,,
Uttar Pradesh,Sambhal,,
Uttar Pradesh,Sant Kabir Nagar,,
Uttar Pradesh,Shahjahanpur,,
Uttar Pradesh,Shamli,,
Uttar Pradesh,Shravasti,,
Uttar Pradesh,Siddharthnagar,,
Uttar Pradesh,Sitapur,,
Uttar Pradesh,Sonbhadra,,
Uttar Pradesh,Sultanpur,,
Uttar Pradesh,Unnao,,
Uttar Pradesh,Varanasi,,
Uttarakhand,Almora,,
Uttarakhand,Bageshwar,,
Uttarakhand,Chamoli,,
Uttarakhand,Champawat,,
Uttarakhand,Dehradun,,
Uttarakhand,Haridwar,,
Uttarakhand,Nainital,,
Uttarakhand,Pauri,,
Uttarakhand,Pithoragarh,,
Uttarakhand,Rudraprayag,,
Uttarakhand,Tehri,,
Uttarakhand,Udham Singh Nagar,,
Uttarakhand,Uttarkashi,,
West Bengal,Alipurduar,,
West Bengal,Bankura,,
West Bengal,Birbhum,,
West Bengal,Cooch Behar,,
West Bengal,Dakshin Dinajpur,,
West Bengal,Darjeeling,,
West Bengal,Hooghly,,
West Bengal,Howrah,,
West Bengal,Jalpaiguri,,
West Bengal,Jhargram,,
West Bengal,Kalimpong,,
West Bengal,Kolkata,,
West Bengal,Malda,,
West Bengal,Murshidabad,,
West Bengal,Nadia,,
West Bengal,North 24 Parganas,,
West Bengal,Paschim Bardhaman,,
West Bengal,Paschim Medinipur,,
West Bengal,Purba Bardhaman,,
West Bengal,Purba Medinipur,,
West Bengal,Purulia,,
West Bengal,South 24 Parganas,,
West Bengal,Uttar Dinajpur,,
